{
  "task": "GSM8K",
  "total_samples": 1319,
  "exact_match_accuracy": 0.5382865807429871,
  "comprehensive_metrics": {
    "exact_match_accuracy": 0.5390447308567097,
    "f1_score_mean": 0.026871649481531142,
    "f1_score_std": 0.025614119501800977,
    "bleu_score_mean": 0.0,
    "bleu_score_std": 0.0,
    "rouge_l_mean": 0.026789655190235136,
    "rouge_l_std": 0.025318171604516975,
    "reasoning_step_indicator_ratio_mean": 0.018007449157662742,
    "reasoning_step_indicator_ratio_std": 0.0121193771929986,
    "reasoning_math_indicator_ratio_mean": 0.034793633447969236,
    "reasoning_math_indicator_ratio_std": 0.014781707284860284,
    "reasoning_logic_indicator_ratio_mean": 0.027754981492869115,
    "reasoning_logic_indicator_ratio_std": 0.013207502365555485,
    "reasoning_avg_sentence_length_mean": 12.247791656208872,
    "reasoning_avg_sentence_length_std": 8.814005080044538,
    "reasoning_reasoning_length_mean": 121.57695223654284,
    "reasoning_reasoning_length_std": 64.38914540907486,
    "uncertainty_mean_uncertainty_mean": 0.16428151119070272,
    "uncertainty_mean_uncertainty_std": 0.0827149283724802,
    "uncertainty_std_uncertainty_mean": 0.7666846948531065,
    "uncertainty_std_uncertainty_std": 0.3136637447286748,
    "uncertainty_max_uncertainty_mean": 6.921343550210292,
    "uncertainty_max_uncertainty_std": 3.1381905977446225,
    "uncertainty_min_uncertainty_mean": 0.0,
    "uncertainty_min_uncertainty_std": 0.0,
    "uncertainty_uncertainty_entropy_mean": -35.841457418532734,
    "uncertainty_uncertainty_entropy_std": 35.1034685143709
  }
}