{
  "task": "StrategyQA",
  "total_samples": 2290,
  "exact_match_accuracy": 0.4135371179039301,
  "comprehensive_metrics": {
    "exact_match_accuracy": 0.4135371179039301,
    "f1_score_mean": 0.0,
    "f1_score_std": 0.0,
    "bleu_score_mean": 0.0,
    "bleu_score_std": 0.0,
    "rouge_l_mean": 0.0,
    "rouge_l_std": 0.0,
    "reasoning_step_indicator_ratio_mean": 0.014950876615855712,
    "reasoning_step_indicator_ratio_std": 0.012335142687951906,
    "reasoning_math_indicator_ratio_mean": 0.003748670565014766,
    "reasoning_math_indicator_ratio_std": 0.005363086633615319,
    "reasoning_logic_indicator_ratio_mean": 0.025921389690559914,
    "reasoning_logic_indicator_ratio_std": 0.01258384101218075,
    "reasoning_avg_sentence_length_mean": 15.75958690208147,
    "reasoning_avg_sentence_length_std": 56.933965817804165,
    "reasoning_reasoning_length_mean": 138.10393013100438,
    "reasoning_reasoning_length_std": 85.26864627139226,
    "uncertainty_mean_uncertainty_mean": 0.35671179624735627,
    "uncertainty_mean_uncertainty_std": 0.13327873414574357,
    "uncertainty_std_uncertainty_mean": 1.1834196982416496,
    "uncertainty_std_uncertainty_std": 0.3535011083686058,
    "uncertainty_max_uncertainty_mean": 9.133109784829044,
    "uncertainty_max_uncertainty_std": 3.32875170696812,
    "uncertainty_min_uncertainty_mean": 0.0,
    "uncertainty_min_uncertainty_std": 0.0,
    "uncertainty_uncertainty_entropy_mean": -79.81962848924691,
    "uncertainty_uncertainty_entropy_std": 65.76840142633377
  }
}